{
  "project_info": {
    "project_number": "907727965927",
    "firebase_url": "https://effectivenezz.firebaseio.com",
    "project_id": "effectivenezz",
    "storage_bucket": "effectivenezz.appspot.com"
  },
  "client": [
    {
      "client_info": {
        "mobilesdk_app_id": "1:907727965927:android:7e99ce930c52140a0e1c42",
        "android_client_info": {
          "package_name": "com.effectivenezz.effectivenezz"
        }
      },
      "oauth_client": [
        {
          "client_id": "907727965927-canje8f7ttu3ed3569bujffj09iqmon1.apps.googleusercontent.com",
          "client_type": 1,
          "android_info": {
            "package_name": "com.effectivenezz.effectivenezz",
            "certificate_hash": "6a2ef5f15910c939b37ecbc307a607cb709e8f8e"
          }
        },
        {
          "client_id": "907727965927-fllb7291jerbs1uhajqfl1jaffgbagjt.apps.googleusercontent.com",
          "client_type": 1,
          "android_info": {
            "package_name": "com.effectivenezz.effectivenezz",
            "certificate_hash": "e065b7ba9216b162984a18ab4fae3a46b7ad60d5"
          }
        },
        {
          "client_id": "907727965927-jgn83bbrrb6do1r0hv0jgrda57jn5co5.apps.googleusercontent.com",
          "client_type": 1,
          "android_info": {
            "package_name": "com.effectivenezz.effectivenezz",
            "certificate_hash": "5d9ca2dacd567b5183c170f263b2daa91ac0726e"
          }
        },
        {
          "client_id": "907727965927-a1m5aqnkuu4l4fbssfa26mibv5htm8p5.apps.googleusercontent.com",
          "client_type": 3
        }
      ],
      "api_key": [
        {
          "current_key": "AIzaSyDMGOxVhtyftaa7Nl4UDgNMAn-ysmBOB-4"
        }
      ],
      "services": {
        "appinvite_service": {
          "other_platform_oauth_client": [
            {
              "client_id": "907727965927-a1m5aqnkuu4l4fbssfa26mibv5htm8p5.apps.googleusercontent.com",
              "client_type": 3
            }
          ]
        }
      }
    }
  ],
  "configuration_version": "1"
}